{"c": [9518.04, 9666.24, 9789.06, 9621.16, 9666.3, 9746.99, 9782.01, 9772.43, 9885, 9280.4], "h": [10228.99, 9690, 9881.63, 9854.75, 9735, 9802, 9800, 9877, 9992.72, 9964], "l": [9266, 9365.21, 9450, 9581, 9531.05, 9372.46, 9633, 9570, 9704.18, 9113], "o": [10202.71, 9518.02, 9666.32, 9788.14, 9621.17, 9666.85, 9746.99, 9782, 9772.44, 9885.22], "s": "ok", "t": [1591056000, 1591142400, 1591228800, 1591315200, 1591401600, 1591488000, 1591574400, 1591660800, 1591747200, 1591833600], "v": [108970.773151, 46252.644939, 57456.100969, 47788.05005, 32752.950893, 57952.848385, 40664.664125, 46024.001289, 47130.762982, 94418.98473]}